<?xml version="1.0" encoding="ISO-8859-1" ?>

<!DOCTYPE struts-config PUBLIC
          "-//Apache Software Foundation//DTD Struts Configuration 1.2//EN"
          "http://jakarta.apache.org/struts/dtds/struts-config_1_2.dtd">

<struts-config>
	<form-beans>
		<form-bean name="itemForm" type="com.bjpowernode.drp.web.forms.ItemActionForm"/>
		<form-bean name="loginForm" type="com.bjpowernode.drp.web.forms.LoginActionForm"/>
	</form-beans>
	
	<global-exceptions>
		<exception key="errors.detail" type="com.bjpowernode.drp.AppException" path="/error.jsp"/>
	</global-exceptions>
	
	<global-forwards>
		<forward name="index" path="/index.jsp" redirect="true"/>
	</global-forwards>
	<action-mappings>
	
	
		<action path="/login"
				type="com.bjpowernode.drp.web.actions.LoginAction"
				name="loginForm"
				scope="request"
		>
		<forward name="success" path="item.do" redirect="true"/>
		
		</action>
		
		
		<action path="/item"
				type="com.bjpowernode.drp.web.actions.ItemAction"
				name="itemForm"
				scope="request"
				parameter="command"
		>
		<forward name="list" path="/WEB-INF/jsp/item_maint.jsp"/>
		<forward name="show_add" path="/WEB-INF/jsp/item_add.jsp"/>
		<forward name="item_index" path="/item.do" redirect="true" />
		<forward name="show_modify" path="/WEB-INF/jsp/item_modify.jsp"/>
		<forward name="show_detail" path="/WEB-INF/jsp/item_detail.jsp"></forward>
		<forward name="show_upload" path="/WEB-INF/jsp/item_upload.jsp"></forward>
		</action>
	</action-mappings>
</struts-config>

